industries,link
Research,/company/5122080/
Research,/company/9271646/
Research,/company/523808/
Research,/company/3231698/
Research,/company/144590/
Research,/company/54171/
Research,/company/3093743/
Research,/company/7922/
Research,/company/656475/
Research,/company/1889305/
Research,/company/258692/
Research,/company/1392000/
Research,/company/385678/
Research,/company/28105/
Research,/company/2235151/
Research,/company/39102/
Research,/company/166668/
Research,/company/5462345/
Research,/company/1400064/
Research,/company/384819/
Research,/company/621205/
Research,/company/44028/
Research,/company/784814/
Security and Investigations,/company/45595/
Security and Investigations,/company/22877/
Security and Investigations,/company/23030/
Security and Investigations,/company/166128/
Security and Investigations,/company/946289/
Security and Investigations,/company/1131015/
Security and Investigations,/company/151636/
Security and Investigations,/company/503834/
Semiconductors,/company/3690/
Semiconductors,/company/1497/
Semiconductors,/company/4691/
Semiconductors,/company/241309/
Semiconductors,/company/1618/
Semiconductors,/company/17763/
Semiconductors,/company/164740/
Semiconductors,/company/248281/
Semiconductors,/company/165998/
Semiconductors,/company/63951/
Semiconductors,/company/4583/
Semiconductors,/company/4251/
Semiconductors,/company/164778/
Semiconductors,/company/3864/
Semiconductors,/company/4472/
Semiconductors,/company/3894/
Semiconductors,/company/1006448/
Semiconductors,/company/3212/
Semiconductors,/company/109490/
Semiconductors,/company/165971/
Semiconductors,/company/15894/
Semiconductors,/company/6084/
Telecommunications,/company/163906/
Telecommunications,/company/162522/
Telecommunications,/company/4568/
Telecommunications,/company/3014/
Telecommunications,/company/166540/
Telecommunications,/company/1936/
Telecommunications,/company/1636/
Telecommunications,/company/5804/
Telecommunications,/company/232888/
Telecommunications,/company/16432/
Telecommunications,/company/2879538/
Telecommunications,/company/163457/
Telecommunications,/company/1182/
Telecommunications,/company/10654/
Telecommunications,/company/14754/
Telecommunications,/company/163813/
Telecommunications,/company/2032/
Telecommunications,/company/13194/
Telecommunications,/company/297667/
Telecommunications,/company/109341/
Telecommunications,/company/1377/
Telecommunications,/company/5918/
Telecommunications,/company/5226/
Telecommunications,/company/3960/
Telecommunications,/company/1539/
Telecommunications,/company/3218/
Telecommunications,/company/1494/
Telecommunications,/company/1995/
Telecommunications,/company/1070/
Telecommunications,/company/2712/
Telecommunications,/company/459293/
Telecommunications,/company/24033/
Telecommunications,/company/165155/
Telecommunications,/company/13993/
Telecommunications,/company/163234/
Telecommunications,/company/6033/
Telecommunications,/company/2261168/
Telecommunications,/company/7525/
Telecommunications,/company/11518/
Telecommunications,/company/1638/
Telecommunications,/company/11086/
Telecommunications,/company/22540/
Telecommunications,/company/163616/
Telecommunications,/company/2438808/
Telecommunications,/company/2711687/
Telecommunications,/company/1049467/
Telecommunications,/company/5371/
Telecommunications,/company/586602/
Telecommunications,/company/6780/
Telecommunications,/company/220668/
Telecommunications,/company/163637/
Telecommunications,/company/1250800/
Telecommunications,/company/51474/
Translation and Localization,/company/13299/
Translation and Localization,/company/3117/
Translation and Localization,/company/18292/
Translation and Localization,/company/226458/
Translation and Localization,/company/125052/
Translation and Localization,/company/601136/
Translation and Localization,/company/509136/
Translation and Localization,/company/290474/
Transportation/Trucking/Railroad,/company/1670/
Transportation/Trucking/Railroad,/company/26160/
Transportation/Trucking/Railroad,/company/8127/
Transportation/Trucking/Railroad,/company/5184/
Transportation/Trucking/Railroad,/company/16506/
Transportation/Trucking/Railroad,/company/3193019/
Transportation/Trucking/Railroad,/company/11426/
Transportation/Trucking/Railroad,/company/3727375/
Transportation/Trucking/Railroad,/company/459735/
Wireless,/company/7138/
Wireless,/company/2082280/
Wireless,/company/13832/
