,industries,link
0,Computer Software,/company/3789329/
1,Information Technology and Services,/company/2935/
2,Information Technology and Services,/company/3175539/
3,Information Services,/company/106987/
4,Information Technology and Services,/company/5140685/
5,Information Technology and Services,/company/1106914/
6,Human Resources,/company/5282968/
7,Information Technology and Services,/company/13258064/
8,Information Technology and Services,/company/658686/
9,Information Technology and Services,/company/215450/
10,Computer Software,/company/3789329/
11,Information Technology and Services,/company/2935/
12,Information Technology and Services,/company/3175539/
13,Information Services,/company/106987/
14,Information Technology and Services,/company/5140685/
15,Information Technology and Services,/company/1106914/
16,Human Resources,/company/5282968/
17,Information Technology and Services,/company/13258064/
18,Information Technology and Services,/company/658686/
19,Information Technology and Services,/company/215450/
20,Publishing,/company/6176465/
21,Information Technology and Services,/company/202068/
22,Information Technology and Services,/company/9811/
23,Higher Education,/company/3279719/
24,Information Technology and Services,/company/2649891/
25,Marketing and Advertising,/company/551899/
26,Computer Software,/company/3740012/
27,E-Learning,/company/3632032/
28,Human Resources,/company/10806989/
29,Information Technology and Services,/company/254039/
30,Internet,/company/2900637/
31,Marketing and Advertising,/company/1333502/
32,Publishing,/company/13385296/
33,Media Production,/company/10283931/
34,Commercial Real Estate,/company/215459/
35,Information Technology and Services,/company/1558365/
36,Information Technology and Services,/company/98017/
37,E-Learning,/company/10514544/
38,Management Consulting,/company/262957/
39,Computer Software,/company/1111099/
40,Information Services,/company/45781/
41,Information Technology and Services,/company/2553312/
42,Information Services,/company/1031533/
43,Information Technology and Services,/company/2519116/
44,Staffing and Recruiting,/company/1626825/
45,Research,/company/5122080/
46,Computer Software,/company/1163536/
47,Research,/company/9271646/
48,Staffing and Recruiting,/company/17944270/
49,Information Technology and Services,/company/1009/
50,Insurance,/company/2619/
51,Information Technology and Services,/company/2699/
52,Information Technology and Services,/company/1120/
53,Financial Services,/company/2020/
54,Oil & Energy,/company/6848/
55,Electrical/Electronic Manufacturing,/company/1015/
56,Telecommunications,/company/1638/
57,Hospital & Health Care,/company/1016/
58,Information Technology and Services,/company/4955/
59,Information Technology and Services,/company/3065/
60,Information Technology and Services,/company/16173833/
61,Education Management,/company/2933/
62,Information Technology and Services,/company/1597/
63,Information Technology and Services,/company/2494361/
64,Information Services,/company/21835/
65,Management Consulting,/company/3920/
66,Information Services,/company/2385/
67,Information Technology and Services,/company/1281/
68,Telecommunications,/company/1539/
69,Information Technology and Services,/company/5461/
70,Information Technology and Services,/company/11834/
71,Financial Services,/company/3695/
72,Marketing and Advertising,/company/1672/
73,Information Technology and Services,/company/4972/
74,Computer Software,/company/25237/
75,Marketing and Advertising,/company/3765/
76,Pharmaceuticals,/company/1773/
77,Information Technology and Services,/company/3495/
78,Marketing and Advertising,/company/3817/
79,"Leisure, Travel & Tourism",/company/6976/
80,Marketing and Advertising,/company/2864/
81,Management Consulting,/company/4049/
82,Computer Software,/company/229433/
83,Computer Software,/company/10162/
84,Restaurants,/company/7361/
85,Higher Education,/company/4813/
86,Computer Software,/company/3398/
87,Marketing and Advertising,/company/1927/
88,Information Technology and Services,/company/37734/
89,Information Technology and Services,/company/974238/
90,Computer Software,/company/20708/
91,Computer Software,/company/1491/
92,Computer Software,/company/3048967/
93,Information Technology and Services,/company/1466/
94,Computer Software,/company/2681277/
95,Marketing and Advertising,/company/207539/
96,Outsourcing/Offshoring,/company/163743/
97,Marketing and Advertising,/company/13602/
98,Computer Software,/company/20226/
99,Information Technology and Services,/company/165636/
100,Computer Networking,/company/4761/
101,Information Technology and Services,/company/163755/
102,Computer Software,/company/4728/
103,Human Resources,/company/1463/
104,Information Services,/company/2934/
105,Computer Software,/company/13677/
106,Computer Software,/company/1788/
107,Marketing and Advertising,/company/6043/
108,Internet,/company/7360/
109,Information Services,/company/2534/
110,Marketing and Advertising,/company/15637/
111,Marketing and Advertising,/company/211857/
112,Information Technology and Services,/company/157356/
113,Information Technology and Services,/company/18535/
114,Mechanical or Industrial Engineering,/company/2372885/
115,Computer Software,/company/162724/
116,Information Technology and Services,/company/4500/
117,Financial Services,/company/306019/
118,Information Technology and Services,/company/210064/
119,Financial Services,/company/6387/
120,Marketing and Advertising,/company/6327/
121,Staffing and Recruiting,/company/1158884/
122,Marketing and Advertising,/company/3400/
123,Staffing and Recruiting,/company/14416/
124,Information Technology and Services,/company/30903/
125,Electrical/Electronic Manufacturing,/company/277579/
126,Marketing and Advertising,/company/6608/
127,Information Technology and Services,/company/7190/
128,Information Technology and Services,/company/2206/
129,Information Technology and Services,/company/1592/
130,Information Technology and Services,/company/164361/
131,Real Estate,/company/166920/
132,Staffing and Recruiting,/company/237976/
133,Outsourcing/Offshoring,/company/17312/
134,Marketing and Advertising,/company/2353423/
135,Research,/company/4951/
136,Staffing and Recruiting,/company/2089727/
137,Computer Software,/company/9956/
138,Information Services,/company/1714/
139,Computer Software,/company/4014/
140,Information Technology and Services,/company/4458/
141,Market Research,/company/3069/
142,Financial Services,/company/163261/
143,Hospital & Health Care,/company/4057/
144,Information Services,/company/9173/
145,Internet,/company/216295/
146,Information Technology and Services,/company/145556/
147,Human Resources,/company/5506/
148,Staffing and Recruiting,/company/133215/
149,Marketing and Advertising,/company/4703/
150,Financial Services,/company/2041/
151,Staffing and Recruiting,/company/278554/
152,Management Consulting,/company/163205/
153,Market Research,/company/4741/
154,Electrical/Electronic Manufacturing,/company/5160/
155,Marketing and Advertising,/company/9429/
156,Computer Software,/company/1478780/
157,Industrial Automation,/company/11708/
158,Financial Services,/company/164404/
159,Information Technology and Services,/company/1641/
160,Human Resources,/company/4366/
161,Mechanical or Industrial Engineering,/company/166989/
162,Information Services,/company/21718/
163,Information Technology and Services,/company/861504/
164,Market Research,/company/164530/
165,Information Technology and Services,/company/260387/
166,Information Technology and Services,/company/162214/
167,Management Consulting,/company/26945/
168,Internet,/company/21433/
169,Staffing and Recruiting,/company/23646/
170,Information Technology and Services,/company/3105933/
171,Information Technology and Services,/company/5682/
172,Information Technology and Services,/company/165859/
173,Financial Services,/company/1280241/
174,Information Technology and Services,/company/203563/
175,Management Consulting,/company/66808/
176,Computer Software,/company/9183/
177,Information Technology and Services,/company/162838/
178,Staffing and Recruiting,/company/10013/
179,Information Technology and Services,/company/10950962/
180,Computer Software,/company/202448/
181,Management Consulting,/company/32277/
182,Management Consulting,/company/2010798/
183,Computer Software,/company/39277/
184,Computer Software,/company/263515/
185,Defense & Space,/company/4457/
186,Marketing and Advertising,/company/19524/
187,Information Technology and Services,/company/1956/
188,Management Consulting,/company/91921/
189,Information Technology and Services,/company/9296/
190,Computer Software,/company/2858142/
191,Marketing and Advertising,/company/167027/
192,Information Technology and Services,/company/49279/
193,Management Consulting,/company/639930/
194,Information Technology and Services,/company/2617900/
195,Higher Education,/company/3195/
196,Information Technology and Services,/company/58741/
197,Marketing and Advertising,/company/7947/
198,Information Technology and Services,/company/903031/
199,Information Technology and Services,/company/5022712/
200,Information Technology and Services,/company/8493/
201,Information Technology and Services,/company/164331/
202,Information Technology and Services,/company/165444/
203,Staffing and Recruiting,/company/98704/
204,Government Administration,/company/4653/
205,Information Technology and Services,/company/345376/
206,Outsourcing/Offshoring,/company/8262/
207,Financial Services,/company/54453/
208,Information Technology and Services,/company/6549/
209,Internet,/company/1264070/
210,Information Technology and Services,/company/6391/
211,Computer Software,/company/814025/
212,Hospital & Health Care,/company/6766/
213,Internet,/company/3121734/
214,Marketing and Advertising,/company/3405/
215,Computer Software,/company/9624/
216,Computer Software,/company/49697/
217,Computer Software,/company/3477522/
218,Staffing and Recruiting,/company/575811/
219,Marketing and Advertising,/company/164920/
220,Market Research,/company/15095/
221,Computer Software,/company/1966/
222,Staffing and Recruiting,/company/13039/
223,Computer Software,/company/3496/
224,Staffing and Recruiting,/company/94147/
225,Information Technology and Services,/company/644656/
226,Marketing and Advertising,/company/1599309/
227,Staffing and Recruiting,/company/80305/
228,Computer Software,/company/167580/
229,Staffing and Recruiting,/company/22660/
230,Financial Services,/company/95036/
231,Financial Services,/company/7226/
232,Information Services,/company/470184/
233,Computer Software,/company/3996/
234,Marketing and Advertising,/company/163978/
235,Information Technology and Services,/company/5349/
236,Marketing and Advertising,/company/19303/
237,Information Technology and Services,/company/163367/
238,Computer Software,/company/12076/
239,Information Services,/company/39041/
240,Market Research,/company/165712/
241,Marketing and Advertising,/company/8209/
242,Information Technology and Services,/company/28526/
243,Higher Education,/company/229401/
244,Marketing and Advertising,/company/12553/
245,Computer Software,/company/6959/
246,Information Technology and Services,/company/162795/
247,Information Technology and Services,/company/15231/
248,Computer Software,/company/972396/
249,Information Technology and Services,/company/14217/
250,Law Enforcement,/company/162570/
251,Information Technology and Services,/company/60101/
252,Information Technology and Services,/company/2820397/
253,Marketing and Advertising,/company/21889/
254,Computer Software,/company/45751/
255,Internet,/company/5364/
256,Marketing and Advertising,/company/6474/
257,Marketing and Advertising,/company/220799/
258,Financial Services,/company/5046539/
259,Information Technology and Services,/company/21784/
260,Information Technology and Services,/company/39528/
261,Staffing and Recruiting,/company/6631661/
262,Computer Software,/company/2663015/
263,Public Relations and Communications,/company/14562/
264,Marketing and Advertising,/company/7459/
265,Computer Software,/company/226895/
266,Marketing and Advertising,/company/731722/
267,Computer Software,/company/1200502/
268,Information Technology and Services,/company/18305/
269,Computer Hardware,/company/4936/
270,Computer Software,/company/82914/
271,Computer Software,/company/148828/
272,Information Technology and Services,/company/65935/
273,Information Technology and Services,/company/2235617/
274,Computer Hardware,/company/1972/
275,Information Technology and Services,/company/11350/
276,Computer Software,/company/220061/
277,Information Technology and Services,/company/6509/
278,Information Technology and Services,/company/227490/
279,Philanthropy,/company/9832/
280,Computer Software,/company/1632202/
281,Information Technology and Services,/company/2548054/
282,Information Technology and Services,/company/1047100/
283,Information Technology and Services,/company/55449/
284,Information Technology and Services,/company/618323/
285,Computer Software,/company/33617/
286,Information Technology and Services,/company/2531735/
287,Computer Software,/company/83851/
288,Information Technology and Services,/company/853889/
289,Marketing and Advertising,/company/18763/
290,Marketing and Advertising,/company/236077/
291,Marketing and Advertising,/company/10388/
292,Staffing and Recruiting,/company/1264953/
293,Information Technology and Services,/company/439755/
294,Information Technology and Services,/company/34083/
295,Staffing and Recruiting,/company/8650/
296,Hospital & Health Care,/company/18007/
297,Sports,/company/16556/
298,Computer Software,/company/202760/
299,Computer Software,/company/27023/
300,Information Technology and Services,/company/11409884/
301,Information Technology and Services,/company/15178/
302,Information Technology and Services,/company/3618960/
303,Hospital & Health Care,/company/15052/
304,Computer Software,/company/62775/
305,Information Technology and Services,/company/14529/
306,Computer Software,/company/201602/
307,Public Relations and Communications,/company/248494/
308,Financial Services,/company/1131257/
309,Information Technology and Services,/company/3169981/
310,Internet,/company/323717/
311,Computer Software,/company/2647843/
312,Marketing and Advertising,/company/458871/
313,Defense & Space,/company/13949/
314,Staffing and Recruiting,/company/58650/
315,Staffing and Recruiting,/company/19626/
316,Marketing and Advertising,/company/70863/
317,Marketing and Advertising,/company/1675/
318,Computer Software,/company/162610/
319,Computer Software,/company/4446/
320,Computer Software,/company/21314/
321,Information Technology and Services,/company/290012/
322,Information Technology and Services,/company/165921/
323,Computer Software,/company/6720/
324,Commercial Real Estate,/company/52939/
325,Computer Software,/company/2014725/
326,Information Technology and Services,/company/14241/
327,Computer Software,/company/39098/
328,Financial Services,/company/3013/
329,Information Technology and Services,/company/2204309/
330,Computer Software,/company/3750699/
331,Information Technology and Services,/company/1561782/
332,Insurance,/company/323542/
333,Computer Software,/company/25403/
334,Information Technology and Services,/company/2672915/
335,Computer Software,/company/42206/
336,E-Learning,/company/3227175/
337,Marketing and Advertising,/company/1396443/
338,Marketing and Advertising,/company/8826/
339,Computer & Network Security,/company/14312/
340,Utilities,/company/19970/
341,Information Technology and Services,/company/41887/
342,Financial Services,/company/7347/
343,Computer Software,/company/2552378/
344,Computer Software,/company/26909/
345,Information Technology and Services,/company/298886/
346,Marketing and Advertising,/company/24374/
347,Computer Software,/company/10199/
348,Management Consulting,/company/789643/
349,Information Technology and Services,/company/10371941/
350,Internet,/company/18347084/
351,Computer Software,/company/2636430/
352,Computer Software,/company/3653845/
353,Internet,/company/2233984/
354,Internet,/company/552285/
355,Market Research,/company/164127/
356,Marketing and Advertising,/company/5095301/
357,Hospitality,/company/164290/
358,Information Technology and Services,/company/201243/
359,Information Technology and Services,/company/372142/
360,Computer Software,/company/18064/
361,Information Technology and Services,/company/133609/
362,Information Technology and Services,/company/149885/
363,Information Technology and Services,/company/51648/
364,Marketing and Advertising,/company/240265/
365,Information Technology and Services,/company/20688/
366,Information Technology and Services,/company/87439/
367,Information Technology and Services,/company/603219/
368,Retail,/company/2930771/
369,Marketing and Advertising,/company/167789/
370,Insurance,/company/6786/
371,Computer Software,/company/166902/
372,Information Technology and Services,/company/165667/
373,Marketing and Advertising,/company/163528/
374,Computer Software,/company/2569123/
375,Information Technology and Services,/company/3437/
376,Computer Software,/company/2820202/
377,"Health, Wellness and Fitness",/company/25737/
378,Computer Software,/company/40446/
379,Computer Software,/company/18861/
380,Computer Software,/company/414478/
381,Hospital & Health Care,/company/370356/
382,Marketing and Advertising,/company/167080/
383,Computer & Network Security,/company/678036/
384,Education Management,/company/10374733/
385,Computer Software,/company/423483/
386,Computer Software,/company/6816/
387,Information Technology and Services,/company/286825/
388,Information Technology and Services,/company/48775/
389,Information Technology and Services,/company/869560/
390,Computer Software,/company/9159/
391,Computer Software,/company/1066442/
392,Aviation & Aerospace,/company/2910542/
393,Marketing and Advertising,/company/163245/
394,Market Research,/company/22491/
395,Computer Software,/company/1472599/
396,Information Technology and Services,/company/406669/
397,Computer Software,/company/2296178/
398,Information Technology and Services,/company/396934/
399,Computer Software,/company/1037816/
400,Information Technology and Services,/company/246518/
401,Information Technology and Services,/company/2414538/
402,Internet,/company/1051011/
403,Computer Software,/company/8088/
404,Hospitality,/company/343906/
405,Computer Software,/company/24990/
406,Internet,/company/1004390/
407,Telecommunications,/company/11086/
408,Computer Software,/company/6393389/
409,Information Technology and Services,/company/3363000/
410,Management Consulting,/company/9422017/
411,Computer Software,/company/3788046/
412,Marketing and Advertising,/company/5055008/
413,Information Technology and Services,/company/18445383/
414,Renewables & Environment,/company/399495/
415,Defense & Space,/company/2142649/
416,Information Technology and Services,/company/409849/
417,Venture Capital & Private Equity,/company/1137563/
418,Computer Software,/company/10378992/
419,Marketing and Advertising,/company/1783447/
420,Information Technology and Services,/company/9766/
421,Management Consulting,/company/362178/
422,Computer Software,/company/13408/
423,Marketing and Advertising,/company/2709152/
424,Research,/company/523808/
425,Information Technology and Services,/company/333989/
426,Computer Hardware,/company/206637/
427,Pharmaceuticals,/company/514121/
428,Management Consulting,/company/1435854/
429,Marketing and Advertising,/company/2413577/
430,Information Technology and Services,/company/819886/
431,Information Technology and Services,/company/894844/
432,Information Technology and Services,/company/220146/
433,Marketing and Advertising,/company/15013/
434,Marketing and Advertising,/company/30513/
435,Defense & Space,/company/10387036/
436,Information Technology and Services,/company/100608/
437,Marketing and Advertising,/company/13599/
438,Information Technology and Services,/company/539853/
439,Information Technology and Services,/company/10382/
440,Information Technology and Services,/company/96202/
441,Computer Software,/company/23863/
442,Marketing and Advertising,/company/323761/
443,Investment Management,/company/3537233/
444,Higher Education,/company/15101438/
445,Marketing and Advertising,/company/1350331/
446,Information Technology and Services,/company/6426400/
447,Computer Software,/company/1042599/
448,Internet,/company/768977/
449,Information Technology and Services,/company/699916/
450,Marketing and Advertising,/company/42699/
451,Information Technology and Services,/company/1402036/
452,Information Technology and Services,/company/3684/
453,Industrial Automation,/company/209828/
454,Computer Software,/company/88873/
455,Market Research,/company/162845/
456,Pharmaceuticals,/company/93608/
457,Defense & Space,/company/237215/
458,Marketing and Advertising,/company/837504/
459,Information Technology and Services,/company/412988/
460,Defense & Space,/company/64454/
461,Information Technology and Services,/company/213642/
462,Marketing and Advertising,/company/15086/
463,Information Technology and Services,/company/5310955/
464,Management Consulting,/company/235154/
465,Information Technology and Services,/company/261933/
466,Medical Devices,/company/9206985/
467,Computer Software,/company/6724/
468,Computer Software,/company/2611798/
469,Management Consulting,/company/231232/
470,Medical Devices,/company/7591037/
471,Marketing and Advertising,/company/167008/
472,Telecommunications,/company/22540/
473,E-Learning,/company/248400/
474,Computer Software,/company/2737945/
475,Computer & Network Security,/company/3003720/
476,Marketing and Advertising,/company/22041/
477,Higher Education,/company/15100491/
478,Financial Services,/company/10452441/
479,Information Technology and Services,/company/61324/
480,Hospital & Health Care,/company/1104292/
481,Utilities,/company/3023845/
482,Computer Software,/company/1606201/
483,Marketing and Advertising,/company/162876/
484,Computer Software,/company/2627405/
485,Marketing and Advertising,/company/988690/
486,Computer Software,/company/1043431/
487,Computer Software,/company/62143/
488,Information Technology and Services,/company/2134/
489,Higher Education,/company/15102029/
490,Marketing and Advertising,/company/10588449/
491,Computer Software,/company/2267380/
492,Marketing and Advertising,/company/66390/
493,Information Technology and Services,/company/40821/
494,Internet,/company/747097/
495,Information Technology and Services,/company/828370/
496,Computer Software,/company/3626155/
497,Information Technology and Services,/company/10037/
498,Marketing and Advertising,/company/897372/
499,Management Consulting,/company/105750/
500,Higher Education,/company/2263956/
501,Hospital & Health Care,/company/743621/
502,Computer Software,/company/3701133/
503,Information Services,/company/208026/
504,Nonprofit Organization Management,/company/59809/
505,Entertainment,/company/19615/
506,Computer Software,/company/558323/
507,Computer Software,/company/858015/
508,Insurance,/company/3357779/
509,Management Consulting,/company/80542/
510,Computer Software,/company/3329666/
511,Logistics and Supply Chain,/company/32425/
512,Computer Software,/company/912708/
513,Marketing and Advertising,/company/164049/
514,Staffing and Recruiting,/company/3482906/
515,Information Technology and Services,/company/10113/
516,Information Technology and Services,/company/10127/
517,Hospital & Health Care,/company/697181/
518,Online Media,/company/164909/
519,Computer Software,/company/164286/
520,Information Technology and Services,/company/2279714/
521,Information Technology and Services,/company/21665/
522,Education Management,/company/2499963/
523,Computer Software,/company/3542130/
524,Computer Software,/company/2820918/
525,Computer Software,/company/294396/
526,Market Research,/company/1559817/
527,Computer Software,/company/2527958/
528,Marketing and Advertising,/company/1536374/
529,Staffing and Recruiting,/company/693339/
530,Marketing and Advertising,/company/26713/
531,Market Research,/company/53464/
532,Internet,/company/8027/
533,Computer Software,/company/1695382/
534,Computer Software,/company/11174522/
535,Information Technology and Services,/company/36295/
536,Education Management,/company/11870/
537,Information Technology and Services,/company/22003/
538,Information Technology and Services,/company/587137/
539,Market Research,/company/30253/
540,Information Technology and Services,/company/241347/
541,Information Technology and Services,/company/3543771/
542,Marketing and Advertising,/company/1353083/
543,Commercial Real Estate,/company/989730/
544,Information Technology and Services,/company/86169/
545,Marketing and Advertising,/company/25642/
546,Higher Education,/company/46114/
547,Information Technology and Services,/company/250200/
548,Information Technology and Services,/company/24187/
549,Internet,/company/582024/
550,Information Technology and Services,/company/277549/
551,Information Technology and Services,/company/1279359/
552,Commercial Real Estate,/company/1887011/
553,Internet,/company/24854/
554,Information Technology and Services,/company/20388/
555,Information Technology and Services,/company/9414987/
556,Financial Services,/company/84421/
557,Computer Software,/company/2647252/
558,Marketing and Advertising,/company/292971/
559,Information Technology and Services,/company/43053/
560,Internet,/company/2712344/
561,Management Consulting,/company/43797/
562,Computer Software,/company/162581/
563,Internet,/company/1054543/
564,Computer Software,/company/1147697/
565,Marketing and Advertising,/company/20952/
566,Computer Software,/company/2220880/
567,Computer Software,/company/1148792/
568,Information Technology and Services,/company/378649/
569,Information Technology and Services,/company/1511881/
570,Information Technology and Services,/company/12772/
571,Information Technology and Services,/company/3599835/
572,Staffing and Recruiting,/company/243436/
573,Marketing and Advertising,/company/31079/
574,Industrial Automation,/company/285906/
575,Management Consulting,/company/1827639/
576,Information Technology and Services,/company/1216557/
577,Financial Services,/company/10925/
578,Marketing and Advertising,/company/106917/
579,Information Technology and Services,/company/49920/
580,Internet,/company/2582575/
581,Marketing and Advertising,/company/44431/
582,Staffing and Recruiting,/company/75739/
583,Public Policy,/company/25792/
584,Marketing and Advertising,/company/19891/
585,Information Technology and Services,/company/51301/
586,Marketing and Advertising,/company/15992/
587,Telecommunications,/company/163616/
588,Staffing and Recruiting,/company/666086/
589,Computer Software,/company/3838991/
590,Information Technology and Services,/company/3837152/
591,Information Technology and Services,/company/2617071/
592,Telecommunications,/company/2438808/
593,Internet,/company/5084329/
594,Computer Software,/company/91650/
595,Information Technology and Services,/company/145050/
596,Marketing and Advertising,/company/27428/
597,Information Technology and Services,/company/2048647/
598,Computer Software,/company/74158/
599,Information Technology and Services,/company/2475101/
600,Internet,/company/392772/
601,Staffing and Recruiting,/company/11120995/
602,Information Technology and Services,/company/10479/
603,Information Technology and Services,/company/3181474/
604,Information Services,/company/3246144/
605,Management Consulting,/company/3172493/
606,Internet,/company/2994835/
607,Information Technology and Services,/company/96716/
608,Information Technology and Services,/company/50881/
609,Hospital & Health Care,/company/301949/
610,Marketing and Advertising,/company/22775/
611,Staffing and Recruiting,/company/903138/
612,Management Consulting,/company/164341/
613,Marketing and Advertising,/company/143216/
614,Telecommunications,/company/2711687/
615,Information Technology and Services,/company/34303/
616,Hospital & Health Care,/company/1133049/
617,Internet,/company/1138347/
618,Marketing and Advertising,/company/1075921/
619,Information Technology and Services,/company/20020/
620,Computer Software,/company/32150/
621,Financial Services,/company/96851/
622,Computer Software,/company/123064/
623,Computer Software,/company/6381258/
624,Internet,/company/167173/
625,Information Technology and Services,/company/250774/
626,Internet,/company/1088807/
627,Computer Software,/company/5071271/
628,Hospital & Health Care,/company/272666/
629,Marketing and Advertising,/company/16413/
630,Research,/company/3231698/
631,Marketing and Advertising,/company/16491/
632,Internet,/company/376990/
633,Information Technology and Services,/company/299849/
634,Marketing and Advertising,/company/61557/
635,Information Technology and Services,/company/13190381/
636,Staffing and Recruiting,/company/16157549/
637,Public Relations and Communications,/company/14014/
638,Computer Hardware,/company/2424643/
639,Management Consulting,/company/60812/
640,Information Technology and Services,/company/323777/
641,Internet,/company/874290/
642,Computer Software,/company/2813303/
643,Computer Software,/company/320764/
644,Information Technology and Services,/company/2788204/
645,Computer Software,/company/759889/
646,Computer Software,/company/210766/
647,Management Consulting,/company/982907/
648,Computer Software,/company/25029553/
649,Hospital & Health Care,/company/2422986/
650,Information Technology and Services,/company/581257/
651,Marketing and Advertising,/company/264114/
652,Online Media,/company/222438/
653,Computer Software,/company/1919217/
654,Information Services,/company/3073/
655,Information Technology and Services,/company/2581389/
656,Staffing and Recruiting,/company/108908/
657,Information Technology and Services,/company/601601/
658,Computer Software,/company/2002838/
659,Computer Software,/company/649793/
660,Marketing and Advertising,/company/430650/
661,Information Technology and Services,/company/34616/
662,Logistics and Supply Chain,/company/227318/
663,Management Consulting,/company/2246444/
664,Computer Software,/company/3049092/
665,Information Technology and Services,/company/57202/
666,Information Technology and Services,/company/4813488/
667,Internet,/company/10529410/
668,Pharmaceuticals,/company/962705/
669,Logistics and Supply Chain,/company/14565/
670,Computer Software,/company/5155679/
671,Marketing and Advertising,/company/60316/
672,Marketing and Advertising,/company/63335/
673,Management Consulting,/company/951007/
674,Computer Software,/company/1556261/
675,Financial Services,/company/23852/
676,Information Technology and Services,/company/18405/
677,Research,/company/144590/
678,Computer Software,/company/11788/
679,Information Technology and Services,/company/2240923/
680,Financial Services,/company/28718/
681,Information Services,/company/3058194/
682,Computer Hardware,/company/10396/
683,Computer Software,/company/492926/
684,E-Learning,/company/2602365/
685,Marketing and Advertising,/company/2484520/
686,Outsourcing/Offshoring,/company/24641/
687,Research,/company/54171/
688,Computer Software,/company/25389/
689,Marketing and Advertising,/company/2367800/
690,Hospital & Health Care,/company/33081/
691,Management Consulting,/company/266794/
692,Information Technology and Services,/company/72824/
693,Information Technology and Services,/company/19825/
694,Computer Software,/company/3574122/
695,Computer Software,/company/2706103/
696,Information Services,/company/2479/
697,Computer Software,/company/37002/
698,Information Technology and Services,/company/2640665/
699,Public Safety,/company/319860/
700,Marketing and Advertising,/company/108438/
701,Computer Software,/company/49440/
702,Financial Services,/company/347020/
703,Marketing and Advertising,/company/108605/
704,Facilities Services,/company/75841/
705,Computer Software,/company/2140099/
706,Information Technology and Services,/company/247475/
707,Market Research,/company/67474/
708,Accounting,/company/505749/
709,Information Technology and Services,/company/138407/
710,Internet,/company/268799/
711,Marketing and Advertising,/company/29917/
712,Market Research,/company/9757/
713,Marketing and Advertising,/company/904280/
714,Information Technology and Services,/company/208203/
715,Internet,/company/2425698/
716,Information Technology and Services,/company/417618/
717,Hospital & Health Care,/company/52505/
718,Computer Software,/company/3340907/
719,Staffing and Recruiting,/company/2500429/
720,Financial Services,/company/2647513/
721,Food & Beverages,/company/2317688/
722,Management Consulting,/company/877938/
723,Computer Software,/company/2873923/
724,Information Technology and Services,/company/3966089/
725,Computer Software,/company/1555603/
726,Defense & Space,/company/401506/
727,Information Technology and Services,/company/36692/
728,Information Services,/company/55065/
729,Information Technology and Services,/company/126330/
730,Information Technology and Services,/company/805489/
731,Computer Networking,/company/2901953/
732,Marketing and Advertising,/company/48003/
733,Computer Software,/company/2460383/
734,Information Technology and Services,/company/16168542/
735,Computer Software,/company/2641300/
736,Higher Education,/company/10172069/
737,Information Technology and Services,/company/472735/
738,Marketing and Advertising,/company/98048/
739,Internet,/company/64620/
740,Pharmaceuticals,/company/13932/
741,Transportation/Trucking/Railroad,/company/3727375/
742,Management Consulting,/company/9387031/
743,Information Services,/company/3506863/
744,Information Technology and Services,/company/5352564/
745,Computer Software,/company/722122/
746,Information Technology and Services,/company/2084011/
747,Information Technology and Services,/company/9390173/
748,Information Technology and Services,/company/2680000/
749,Computer Software,/company/2220441/
750,Computer Software,/company/439106/
751,Computer Software,/company/12576/
752,Financial Services,/company/3230748/
753,Marketing and Advertising,/company/550178/
754,Hospital & Health Care,/company/3657300/
755,Financial Services,/company/16932/
756,Information Technology and Services,/company/95023/
757,Staffing and Recruiting,/company/2615835/
758,Information Technology and Services,/company/30855/
759,Computer Software,/company/102880/
760,Staffing and Recruiting,/company/212201/
761,Information Technology and Services,/company/2315800/
762,Hospital & Health Care,/company/2390229/
763,Information Technology and Services,/company/118734/
764,Information Technology and Services,/company/11902/
765,Staffing and Recruiting,/company/573099/
766,Computer Software,/company/2361444/
767,Information Technology and Services,/company/69830/
768,Information Services,/company/1077775/
769,Information Technology and Services,/company/916362/
770,Staffing and Recruiting,/company/584735/
771,Market Research,/company/33716/
772,Staffing and Recruiting,/company/2651649/
773,Information Technology and Services,/company/473340/
774,Information Technology and Services,/company/1595961/
775,Management Consulting,/company/14897/
776,Information Technology and Services,/company/6005/
777,Information Technology and Services,/company/10642641/
778,Information Services,/company/442498/
779,Internet,/company/155925/
780,Information Technology and Services,/company/6586787/
781,Information Technology and Services,/company/11885/
782,Information Technology and Services,/company/1751/
783,Information Technology and Services,/company/1933789/
784,Staffing and Recruiting,/company/27058/
785,Management Consulting,/company/47448/
786,Financial Services,/company/24781/
787,Information Services,/company/345589/
788,Staffing and Recruiting,/company/31172/
789,Outsourcing/Offshoring,/company/243914/
790,Information Technology and Services,/company/359901/
791,Staffing and Recruiting,/company/280603/
792,Computer Software,/company/115459/
793,Industrial Automation,/company/2505122/
794,Computer Software,/company/867495/
795,Marketing and Advertising,/company/2454557/
796,Staffing and Recruiting,/company/79018/
797,Information Technology and Services,/company/163739/
798,Information Technology and Services,/company/68563/
799,Telecommunications,/company/1049467/
800,Information Technology and Services,/company/306937/
801,Information Technology and Services,/company/27771/
802,Management Consulting,/company/33920/
803,Information Technology and Services,/company/514175/
804,Consumer Services,/company/3806754/
805,Staffing and Recruiting,/company/1336033/
806,Computer Software,/company/20126/
807,Marketing and Advertising,/company/50822/
808,Biotechnology,/company/1321645/
809,Marketing and Advertising,/company/16183930/
810,Information Technology and Services,/company/465938/
811,Management Consulting,/company/132532/
812,Nonprofit Organization Management,/company/60807/
813,Information Technology and Services,/company/39828/
814,E-Learning,/company/1099199/
815,Information Technology and Services,/company/12205/
816,Information Technology and Services,/company/50494/
817,Real Estate,/company/27930/
818,Computer Software,/company/82753/
819,Staffing and Recruiting,/company/5006426/
820,Higher Education,/company/15097593/
821,Market Research,/company/17242/
822,Railroad Manufacture,/company/59989/
823,Management Consulting,/company/685573/
824,Hospital & Health Care,/company/255551/
825,Staffing and Recruiting,/company/64276/
826,Financial Services,/company/206015/
827,Information Technology and Services,/company/68683/
828,Information Technology and Services,/company/2838309/
829,Information Technology and Services,/company/164825/
830,Outsourcing/Offshoring,/company/68103/
831,Computer Software,/company/84254/
832,Capital Markets,/company/1162620/
833,Marketing and Advertising,/company/12498/
834,Information Technology and Services,/company/278262/
835,Computer Software,/company/27653/
836,Information Technology and Services,/company/24283/
837,Internet,/company/726964/
838,Information Services,/company/1343450/
839,Higher Education,/company/834744/
840,Information Technology and Services,/company/3790570/
841,Information Technology and Services,/company/16286/
842,Marketing and Advertising,/company/166047/
843,Information Services,/company/8162/
844,Telecommunications,/company/5371/
845,Information Technology and Services,/company/92262/
846,Information Services,/company/2428290/
847,Pharmaceuticals,/company/15708/
848,Information Technology and Services,/company/126452/
849,Marketing and Advertising,/company/98919/
850,Telecommunications,/company/586602/
851,Computer Software,/company/1049302/
852,Information Technology and Services,/company/56707/
853,Hospital & Health Care,/company/31306/
854,Pharmaceuticals,/company/23896/
855,Information Technology and Services,/company/44300/
856,Information Technology and Services,/company/78833/
857,Information Technology and Services,/company/2406610/
858,Information Technology and Services,/company/35510/
859,Computer Software,/company/1699268/
860,Computer Software,/company/400277/
861,Information Technology and Services,/company/3652/
862,Industrial Automation,/company/336238/
863,Hospital & Health Care,/company/1589496/
864,Management Consulting,/company/2677373/
865,Outsourcing/Offshoring,/company/410853/
866,Higher Education,/company/32115/
867,Information Technology and Services,/company/3588546/
868,Insurance,/company/76550/
869,Staffing and Recruiting,/company/59026/
870,Marketing and Advertising,/company/48654/
871,Information Technology and Services,/company/10450/
872,Computer Games,/company/1919232/
873,Internet,/company/41217/
874,Telecommunications,/company/6780/
875,Information Technology and Services,/company/35957/
876,Research,/company/3093743/
877,Computer Software,/company/227901/
878,Information Technology and Services,/company/103869/
879,Information Technology and Services,/company/165464/
880,Information Technology and Services,/company/3712367/
881,Information Technology and Services,/company/2121039/
882,Computer Software,/company/2896505/
883,Information Technology and Services,/company/890869/
884,Information Technology and Services,/company/464245/
885,Computer Software,/company/212154/
886,Information Technology and Services,/company/30361/
887,Marketing and Advertising,/company/2485104/
888,Information Technology and Services,/company/3517377/
889,Computer Software,/company/162817/
890,Management Consulting,/company/5208967/
891,Computer Software,/company/459956/
892,Marketing and Advertising,/company/12068/
893,Computer Software,/company/2649984/
894,Outsourcing/Offshoring,/company/1211471/
895,Information Technology and Services,/company/3610041/
896,Information Technology and Services,/company/18564/
897,Information Technology and Services,/company/683997/
898,Marketing and Advertising,/company/58442/
899,Management Consulting,/company/166825/
900,Information Technology and Services,/company/138182/
901,Information Services,/company/580619/
902,Information Technology and Services,/company/29460/
903,Management Consulting,/company/477190/
904,Computer Software,/company/71444/
905,Information Technology and Services,/company/1114901/
906,Information Services,/company/30337/
907,Information Services,/company/3670622/
908,Telecommunications,/company/220668/
909,Computer Software,/company/3364198/
